city,Total _number_of_pregnant_women_Registered_for_ANC,Number of Pregnant women registered within first trimester,% 1st Trimester registration to Total ANC Registrations,Number of pregnant women received 4 or more ANC check ups,TT2 given to Pregnant women (numbers),TT Booster given to Pregnant women (numbers),% Pregnant Woman received 4 ANC check ups to Total ANC Registrations,% Pregnant women received TT2+ TT Booster to Total ANC Registration,Number of Pregnant women given 180 IFA tablets,% Pregnant women given 180 IFA to Total ANC Registration,Number of Pregnant Women having Hb level<11 (tested cases),Number of Pregnant Women having severe anaemia (Hb<7) treated at institution,% Pregnant women having severe anaemia (Hb<7) treated at institution to women having hb level<7,% New cases of Pregnant Women detected at institution for hypertension to Total ANC Registrations,Number of Home deliveries,Number of home deliveries attended by SBA trained (Doctor/Nurse/ANM),Number of home deliveries attended by Non SBA trained (trained TB/Dai),% SBA attended home deliveries to Total Reported Home Deliveries,Deliveries Conducted at Public Institutions,Number of Women Discharged under 48 hours of delivery in public facilities,% Women discharged in less than 48 hours of delivery to Total Reported Deliveries at public institutions,Deliveries Conducted at Private Institutions,Number of Women Discharged under 48 hours of delivery in private institutions,% Women discharged in less than 48 hours of delivery to Total Reported Deliveries at private institutions,Institutional deliveries (Public Insts.+Pvt. Insts.),% Institutional Deliveries to total ANC registration,Total reported deliveries,% Institutional deliveries to Total Reported Deliveries,% Safe deliveries to Total Reported Deliveries,% Home deliveries to Total Reported Deliveries,Number of C-section deliveries conducted at public facilities,Number of C-section deliveries conducted at private facilities,% C-section deliveries (Public + Pvt.) to reported institutional (Public + Pvt.) deliveries,% C-sections conducted at public facilities to Deliveries conducted at public facilities,% C-sections conducted at Private facilities to Deliveries conducted at private facilities,% Deliveries conducted at Public Institutions to Total Institutional Deliveries,% Deliveries conducted at Private Institutions to Total Institutional Deliveries,Women received 1st post partum check-up within 48 hours of home delivery,Women received 1st post partum check up between 48 hours and 14 days,% Women getting 1st post partum check-up within 48 hours of home delivery to Total Reported Home Deliveries,% Women getting 1st Post Partum Checkup between 48 hours and 14 days to Total Reported Deliveries,Total Number of reported live births,% Live Births to Total Deliveries,Total Number of reported Still Births,% live birth to Reported Birth,Number of Newborns weighed at birth,% Newborns weighed at birth to live birth,Number of Newborns having weight less than 2.5 kg,% Newborns having weight less than 2.5 kg to Newborns weighed at birth,Number of New Borns Breast Fed within 1 hour,% Newborns breast fed within 1 hour of birth to Total live birth,Sex Ratio at birth ( Female Live Births/ Male Live Births *1000),% cases of Pregnant women with Obstetric Complications and attended to reported deliveries,% Complicated Pregnancies treated with Blood Transfusion to Total Women with Obstetric Complications attended,Number of PW given 360 Calcium tablets,% Pregnant women given 360 Calcium to Total ANC Registration,Number of PW given one Albendazole tablet after 1st trimester,% Pregnant women given one Albendazole tablet after 1st trimester to Total ANC Registration,Number of PW tested for blood sugar using OGTT (Oral Glucose Tolerance Test),% Pregnant women tested for blood sugar using OGTT to Total ANC Registration,Number of PW tested positive for GDM,% Pregnant women tested positive for GDM to Total ANC Registration,Number of pregnant women tested for Syphilis,Number of pregnant women tested found sero positive for Syphilis,% Pregnant women tested for Syphilis to Total ANC Registration,% Pregnant women treatd for Syphilis to Total sero positive for Syphilis,% of babies treated for congenital Syphilis to babies total diagnosed with Congenital Syphilis,Total no. maternal deaths,Total Facility Based Maternal Death Reviews (FBMDR) done,Total Number of Abortions ( Spontaneous) Reported,Total Number of MTPs ( Public) conducted,% MTPs to total Abortions,% MTPs up to 12 weeks of Pregnancy to Total MTPs at Public Institutions,% MTPs more than 12 weeks of Pregnancy to Total MTPs at Public Institutions,% MTPs Conducted at Public Institutions to Total MTPs,% MTPs Conducted at Private Institutions to Total MTPs,% Total MTPs (Public) Conducted to Total ANC Registration,Number of Vasectomies Conducted,Number of Tubectomies Conducted,Total Sterilisation Conducted,% Male Sterlisation (Vasectomies) to Total sterilisation,% Female Serlisation (Tubectomies) to Total sterilisation,Total Sterlisation (Tubectomies and Vasectomies) conducted at PHC,Total Sterlisation (Tubectomies and Vasectomies) conducted at CHC,Total Sterlisation (Tubectomies and Vasectomies) conducted at SDH,Total Sterlisation (Tubectomies and Vasectomies) conducted at DH,Total Sterlisation (Tubectomies and Vasectomies) conducted at Private institutions,Total Sterlisation (Tubectomies and Vasectomies) conducted at Public institutions,% Total Sterilisation (Tubectomies and Vasectomies) conducted at Private institutions to Total Sterlisation,% Total Sterilisation (Tubectomies and Vasectomies) conducted at Public institutions to Total Sterlisation,% Laparoscopic sterlisations to Total Female Sterilisations,% Mini Lap Sterlisations to Total Female Sterilisations,% Post Partum Sterlisations to Total Female Sterilisations,% Post Abortion Sterlisations to Total Female Sterilisations,% Laparoscopic sterlisations at Public Institutions to Total Laparoscopic Sterilisations,% Mini Lap sterlisations at Public Institutions to Total Mini Lap Sterilisations,% Post Partum sterlisations at Public Institutions to Total Post Partum Sterilisation,% Post Abortion sterlisations at Public Institutions to Total Post Partum Sterilisation,Total cases of deaths following Sterlisation ( Male + Female),Total cases of deaths following Male Sterlisation,Total cases of deaths following Female Sterlisation,Total cases of failure following Male Sterlisation,Total cases of failure following Female Sterlisation,Total cases of complication following Male Sterlisation,Total cases of complication following Female Sterlisation,IUCD Insertions done (public facilities),IUCD insertions done (pvt. facilities),% PP IUCD Insertions (public) to Total IUCD Insertions (public),% PP IUCD Insertions (public) to Total Institutional Deliveries (public),% IUCD insertions to all family planning methods ( IUCD plus permanent),Total Interval IUCD Insertions done,Total PP IUCD Insertions done,Total PAIUCD insertions done,Combined Oral Pills distributed,Emergency pills distributed,Condom pieces distributed,Centchroman ( weekly pills) distributed,Number of beneficiaries given 1st dose of Injectable (Antara Program),Number of beneficiaries given 2nd dose of Injectable (Antara Program),Number of beneficiaries given 3rd dose of Injectable (Antara Program),Number of beneficiaries given 4th or more than 4 doses of Injectable (Antara Program),Pregnancy testing kits used,Number of Infants given OPV 0 (Birth Dose),Number of Infants given BCG,Number of Infants given Hep- B0 (birth dose),% Newborns given OPV0 at birth to Reported live birth,% Newborns given BCG to Reported live birth,% Newborns given Hep-B0(Birth Dose)at birth to Reported live birth,Number of Infants given DPT1,Number of Infants given DPT2,Number of Infants given DPT3,Number of Infants given Pentavalent 1,Number of Infants given Pentavalent 2,Number of Infants given Pentavalent 3,Number of Infants given Measles,Number of Infants given MR,% Infants 0 to 11 months old who received Measles+ MR vaccine to reported live births,Number of fully immunized children (9-11 months),% Drop Out between BCG & Measles/ MR,% Children given Vit A dose1 to Reported live birth,% Children given Vitamin A Dose 9 to Children given Vit A dose1,Adverse Events Following Imunisation (Abcess ),Adverse Events Following Imunisation (Deaths),Adverse Events Following Imunisation (Others),% immunisation Sessions Held to Immunisation Sessions Planned,% Immunisation Sessions where ASHAs were present to Immunisation Sessions Planned,Pneumonia in Children 0-5 Years of Age,Asthma in Children 0-5 Years of Age,Sepsis in Children 0-5 Years of Age,Diphtheria in Children 0-5 Years of Age,Pertussis in Children 0-5 Years of Age,Tetanus Neonatorum in Children 0-5 Years of Age,Tuberculosis (TB) in Children 0-5 Years of Age,Acute Flaccid Paralysis(AFP)in Children 0-5 Years of Age,Measles in Children 0-5 Years of Age,Malaria in Children 0-5 Years of Age,Diarrhoea in Children 0-5 Years of Age,Diarrhoea treated in Inpatients in Children 0-5 Years of Age,No. of infants given Measles Rubella vaccine 1st dose,No. of infants received Rotavirus Vaccine 1st dose,No. of infants received Rotavirus Vaccine 2nd dose,No. of infants received Rotavirus Vaccine 3nd dose,No of children 16-24 months age given Measles 2nd dose,No of children 16-24 months age given Measles Rubella Vaccine 2nd dose,% Adult Female Inpatients to Total Adult Inpatient,% Children Inpatient to Total Inpatient,% Female Inpatient Deaths to Total Inpatient Deaths,% Inpatient Deaths to Total IPD,IPD (Number),OPD (Allopathic),Ayush OPD (Number),OPD(Ayush+Allopathic),% IPD to OPD,Number of Major Operations,Number of Minor Operations,% Major Operations to Total Operation,Number of Hysterectomy Surgeries,% Hysterectomy Surgeries to Total Major Operations,% AYUSH OPD to Total OPD,Dental OPD (Number),% Dental OPD to Total OPD,% Hb < 7 mg to Total Hb Tests Conducted,% Male HIV Positive to Total Males Tested,% Female screened for HIV to Total ANC Registration,% Female HIV Positive to Total Females Tested,% Total HIV Positive to Total Tested ( Male + Female),% Plasmodium Vivax test positive to Total Blood Smears Examined,% Plasmodium Falciparum test positive to Total Blood Smears Examined,Total Number of Infant Deaths reported,% Deaths due to Sepsis to Total Reported Infant Deaths,% Deaths due to Asphyxia to Total Reported Infant Deaths,% Deaths due to Pneumonia to Total Reported Infant Deaths,% Deaths due to Diarrhoea to Total Reported Infant Deaths,% Deaths due to Fever to Total Reported Infant Deaths,% Deaths due to Measles to Total Reported Infant Deaths,Institutional Deliveries at Urban Heatlh Facilities i.e SC+PHC+CHC+SDH,Institutional Deliveries at District Hospitals,Measles immunization at urban Health facilities i.e SC+PHC+CHC+SDH+DH
Anantnag,20258,18424,90.9,13423,15991,4339,66.3,100.4,10192,50.3,176568,11032,60.9,2.7,8960,772,8188,8.6,121813,58062,47.7,10435,1004,9.6,132248,45.7,141208,93.7,94.2,6.3,42317,9254,39,34.7,88.7,92.1,7.9,26499,107135,295.7,75.9,139546,98.8,2671,98.1,136761,98,7937,5.8,126057,90.3,950,2.4,163.9,72075,24.9,44466,15.4,30566,10.6,466,0.2,51967,24,18,0.3,,83,5,8260,4010,37.5,94.2,5.8,80.8,19.2,1.4,255,7734,7989,3.2,96.8,0,0,0,0,321,7668,4,96,30.3,20.9,45.3,3.5,95.4,94.7,96.5,100,0,0,0,0,11,0,11,19472,276,29.1,4.7,71.2,13678,5683,387,331603,39937,2251193,5714,173,3,6,12,102707,133911,149342,123552,96,107,88.5,851,581,576,167474,165743,164480,164004,201,117.7,162173,-9.8,119.1,93.7,162,0,0,93.9,91.4,4451,2839,1421,61,21,0,74,74,193,4451,51144,11249,201,11,5,5,148146,58,58.5,24.5,43.3,0.2,790191,19295199,1220530,20515729,4874.4,92016,434421,17.5,11878,12.9,5.9,888639,4.3,5.3,0.1,12.1,0.1,0.1,0.1,0,1018,14,13,1.8,0.2,0.5,0,11393,0,0
Badgam,9546,9137,95.7,7390,8513,1151,77.4,101.2,7550,79.1,14085,55,55.6,2.8,9,8,1,88.9,10096,302,3,198,6,3,10294,50.8,10303,99.9,100,0.1,3872,163,39.2,38.4,82.3,98.1,1.9,8,10940,88.9,106.2,10186,98.9,189,98.2,10186,100,666,6.5,10181,100,952,1.6,1.9,2418,11.9,1079,5.3,10179,50.2,18,0.1,13340,0,65.9,1.2,,3,0,1225,0,0,,,,,0,4,407,411,1,99,0,0,0,0,1,410,0.2,99.8,0,24.3,75.7,0,,99,100,,0,0,0,0,0,0,0,1252,0,22.5,2.8,75.3,970,282,0,28860,1302,114358,75,17,0,0,0,11503,11229,11298,11059,110.2,110.9,108.6,0,0,0,12698,12831,12847,12564,0,123.3,12562,-11.2,123.3,94.3,0,0,0,98.1,93.8,631,275,271,0,0,0,1,1,10,631,2147,571,0,0,0,0,11785,0,58.1,17.9,42.2,0.2,85248,1386119,99423,1485542,3146.7,4849,19906,19.6,122,2.5,6.7,106029,7.1,0.1,0,33.3,0,0,0,0,60,8.3,21.7,0,0,3.3,0,198,0,0
Bandipora,5460,4486,82.2,3675,3964,1427,67.3,98.7,3190,58.4,5092,29,85.3,2.3,2,0,2,0,2902,0,0,,,,2902,30.4,2904,99.9,99.9,0.1,1114,,38.4,38.4,,100,0,1,2806,50,96.6,2890,99.5,14,99.5,2890,100,30,1,2890,100,1018,7.2,67.9,1503,15.7,6780,71,66,0.7,0,0,5,0,0.1,0,,1,0,176,2,1.1,100,0,100,0,0,35,298,333,10.5,89.5,0,0,0,0,,333,0,100,43.6,42.6,12.4,1.3,100,100,100,100,0,0,0,0,0,0,0,974,,14.2,4.8,74.5,836,138,0,18604,751,122469,172,0,0,0,0,4720,2891,3157,2890,100,109.2,100,,,,9595,9704,9892,9946,,344.2,9951,-215,343.5,138.7,0,0,0,89.6,99.5,0,0,0,0,0,0,0,0,0,0,17,11,,,,,9467,,53.4,16.4,,0,43037,1294068,105514,1399582,,3321,21649,13.3,555,16.7,7.5,90882,6.5,0.2,0,21.5,0,0,,,17,5.9,23.5,0,0,0,0,,0,
Baramula,17752,14572,82.1,15615,9552,6677,88,91.4,17372,97.9,3774,156,87.2,2.8,91,26,65,28.6,2138,1784,83.4,,,,2138,39.2,2229,95.9,97.1,4.1,246,,11.5,11.5,,100,0,915,1842,1005.5,82.6,2211,99.2,25,98.9,2125,96.1,31,1.5,2010,90.9,1010,1.9,0,2363,43.3,290,5.3,317,5.8,1,0,1309,1,24,0.1,,7,0,171,0,0,,,,,0,2,111,113,1.8,98.2,0,0,0,0,,113,0,100,0,98.2,0.9,0.9,,100,100,100,0,0,0,0,0,0,0,230,,2.2,0.2,67.1,223,5,2,7058,912,31198,191,5,2,2,0,3398,2275,2641,1931,102.9,119.4,87.3,0,0,0,5427,5488,5437,5227,0,236.4,5227,-97.9,239.8,97.9,0,0,0,98.9,97.8,30,7,0,0,0,0,0,0,4,30,1692,159,0,0,0,0,4877,0,53.1,21.4,100,0,17647,460472,20924,481396,4700,948,10110,8.6,241,25.4,4.3,41257,8.6,2.3,0,2.1,0,0,,,13,15.4,15.4,7.7,0,0,0,,0,
Doda,5964,4082,68.4,3105,4269,1259,52.1,92.7,5710,95.7,14294,336,92.1,1.9,171,8,163,4.7,7527,4161,55.3,938,77,8.2,8465,47.7,8636,98,98.1,2,2910,885,44.8,38.7,94.3,88.9,11.1,341,9340,199.4,108.2,8537,98.9,142,98.4,8518,99.8,256,3,8459,99.1,985,3.5,103.3,16148,91,3447,19.4,4789,27,87,0.5,1256,0,7.1,0,,8,0,693,1,1.3,100,0,11.1,88.9,0,12,412,424,2.8,97.2,0,0,0,0,38,386,9,91,2.7,83.7,13.6,0,0,93.9,89.3,,0,0,0,0,0,0,0,845,0,6.9,0.8,66.6,785,58,2,25790,3140,143424,702,0,0,0,0,7144,8193,10218,7979,96,119.7,93.5,0,0,0,14495,14548,14382,14389,0,168.5,15116,-40.8,159,119.5,1,0,0,94.2,99.5,166,162,30,0,0,0,15,15,29,166,1692,819,0,0,0,0,12538,0,52.5,17.8,0,0,69114,1794447,106702,1901149,7850,7223,59802,10.8,1775,24.6,5.6,122822,6.5,1,0,15.8,0,0,0,0,82,12.2,6.1,9.8,0,1.2,0,350,0,0
Ganderbal,4025,3738,92.9,2993,3290,633,74.4,97.5,3524,87.6,1173,1,10,1.7,1439,45,1394,3.1,3151,1639,52,,,,3151,52.8,4590,68.6,69.6,31.4,499,,15.8,15.8,,100,0,2383,3616,165.6,78.8,4583,99.8,56,98.8,4463,97.4,65,1.5,4110,89.7,925,2.6,127.3,2936,49.2,2438,40.9,536,9,15,0.3,612,19,10.3,0,,0,0,88,205,70,100,0,100,0,3.4,0,73,73,0,100,0,0,0,0,,73,0,100,100,0,0,0,100,,,,0,0,0,0,0,0,0,457,,5.5,0.8,86.2,432,25,0,14210,998,98869,807,0,0,0,0,4379,4171,4907,3267,91,107.1,71.3,0,0,0,6231,5930,5610,4701,0,102.6,4716,4.2,102.8,44.8,15,0,0,99,98.2,41,0,15,4,0,0,0,0,0,41,508,139,0,0,0,0,3771,0,52.8,32.6,63.2,0.1,22197,445199,21219,466418,6826.3,1119,23507,4.5,600,53.6,4.5,17353,3.7,0.2,0,4.2,0,0,0,0,5,0,0,0,0,0,0,,0,
Jammu,51484,22264,43.2,21305,12657,3741,41.4,31.9,12120,23.5,1436,149,80.1,5.2,32,0,32,0,1316,367,27.9,,,,1316,32.7,1348,97.6,97.6,2.4,193,,14.7,14.7,,100,0,124,1643,387.5,121.9,1336,99.1,15,98.9,1303,97.5,29,2.2,1272,95.2,928,3.6,0,812,20.2,285,7.1,36,0.9,5,0.1,290,0,7.2,0,,0,0,76,0,0,,,,,0,0,111,111,0,100,0,0,0,0,,111,0,100,0,80.2,19.8,0,,100,100,,0,0,0,0,0,0,0,753,,32.7,18.7,87.2,506,246,1,10416,929,76177,101,0,0,0,0,3632,1362,1546,1311,101.9,115.7,98.1,0,0,0,4093,4142,3945,4095,2,306.7,4091,-164.9,306.8,135.5,0,0,0,98.5,90.1,55,53,1,0,0,0,0,0,2,55,3862,612,2,0,0,0,3872,0,51.4,26.5,,0,13996,705373,65117,770490,,873,8489,9.3,25,2.9,8.5,50329,6.5,0.9,0,20.2,0,0,,,27,3.7,0,3.7,0,0,0,,0,
Kargil,1756,819,46.6,652,1086,568,37.1,94.2,1909,108.7,22858,1429,25.3,4,119,11,108,9.2,21760,14050,64.6,2427,556,22.9,24187,47,24306,99.5,99.6,0.5,8203,1963,42,37.7,80.9,90,10,3696,20422,3105.9,84,23929,98.4,504,97.9,24064,100.6,1921,8,17969,75.1,930,3.2,230,7290,14.2,2992,5.8,2585,5,94,0.2,4954,1,9.6,0,,18,0,1743,1213,48.6,83.9,16.1,73.7,26.3,2.4,10,1620,1630,0.6,99.4,0,0,0,0,36,1594,2.2,97.8,33.1,0.5,50.6,15.8,96.8,0,98.7,100,0,0,0,0,1,0,0,2038,19,34.9,3.3,55.8,1082,712,263,22955,5165,310569,188,23,0,0,0,9639,23172,23488,19441,96.8,98.2,81.2,129,33,32,16932,16110,16206,18996,44,79.6,18981,19.1,71,54.9,0,0,0,92.1,86.6,750,685,23,0,1,0,27,27,20,750,5490,1118,44,8,5,5,17030,40,57.2,23.7,45.8,0.6,72255,1878330,62842,1941172,7041.3,10157,38527,20.9,1272,12.5,3.2,54969,2.8,18.9,0.1,9.8,0.1,0.1,0,0,4,0,0,0,0,0,0,2427,0,0
Kathua,8557,6804,79.5,5910,5977,1988,69.1,93.1,8292,96.9,1251,20,27,1.8,77,40,37,51.9,1811,308,17,,,,1811,103.1,1888,95.9,98,4.1,300,,16.6,16.6,,100,0,325,1158,422.1,61.3,1840,97.5,6,99.7,1710,92.9,141,8.2,1481,80.5,989,9.2,100,329,18.7,108,6.2,0,0,0,0,2,0,0.1,0,,0,0,86,0,0,,,,,0,0,47,47,0,100,0,0,0,0,,47,0,100,4.3,53.2,40.4,2.1,100,100,100,100,0,0,0,0,0,0,0,351,,29.6,5.7,88.2,247,104,0,2439,19,16516,477,0,0,0,2,141,1739,1828,1552,94.5,99.3,84.3,1,0,1,1962,1962,1926,1637,155,97.4,1037,10.4,94.3,71,9,0,0,99.2,107.3,1,46,72,0,0,0,0,0,0,1,2488,312,155,3,0,0,1571,1,54.8,37.3,47.1,0.3,11929,189851,3242,193093,5085.3,968,8948,9.8,279,28.8,1.7,17947,9.3,6.1,0,37,2.3,1,,,20,30,0,0,0,0,0,,0,
Kishtwar,3194,1553,48.6,1130,2001,640,35.4,82.7,2497,78.2,10490,19,15.2,0.1,1216,0,1216,0,4149,131,3.2,172,0,0,4321,50.5,5537,78,78,22,1103,156,29.1,26.6,90.7,96,4,1215,2084,99.9,37.6,5453,98.5,107,98.1,5444,99.8,46,0.8,5445,99.9,882,0,,5062,59.2,3917,45.8,1666,19.5,0,0,2666,0,31.2,0,,2,,557,611,52.3,100,0,100,0,7.1,61,567,628,9.7,90.3,0,0,0,0,,628,0,100,43.9,8.5,47.6,0,100,100,100,,0,0,0,0,0,0,0,1478,,59.5,21.2,70.2,589,880,9,18544,2455,194954,225,0,0,0,0,6734,5539,6611,5131,101.6,121.2,94.1,0,0,0,8219,7957,7849,8740,0,160.3,8746,-32.2,160,87.1,0,0,0,99.2,83.5,1708,1387,221,0,0,0,0,0,6,1708,4044,1135,0,0,0,0,7772,0,60.2,27.5,,0,20755,718029,76522,794551,,2096,6744,23.7,1024,48.9,9.6,34915,4.4,3.1,1.3,8.4,0.7,1.1,0.1,0,3,0,0,0,0,0,0,,0,0
Kulgam,7213,6626,91.9,5455,5742,918,75.6,92.3,6655,92.3,192,15,42.9,0,497,24,473,4.8,2920,2203,75.4,,,,2920,91.4,3417,85.5,86.2,14.5,395,,13.5,13.5,,100,0,1637,1196,329.4,35,3356,98.2,94,97.3,3056,91.1,366,12,3000,89.4,935,1.9,141.5,1363,42.7,625,19.6,361,11.3,0,0,0,0,0,,,2,1,282,4,1.4,100,0,100,0,0.1,0,83,83,0,100,0,0,0,0,,83,0,100,44.6,0,55.4,0,100,,100,,0,0,0,0,0,0,0,454,,18.1,2.8,84.5,372,82,0,3373,425,21984,77,0,0,0,4,1130,2857,3403,3071,85.1,101.4,91.5,715,536,518,3128,3242,3226,2889,0,86.1,2823,15.1,409.2,14.3,0,0,0,59.8,93.8,67,0,13,26,0,0,0,0,8,67,1218,232,0,0,0,0,1781,0,61.9,18.1,48,0.7,14278,293196,10894,304090,4569.4,789,11497,6.4,63,8,3.6,5286,1.7,0.5,0.1,12.1,1.8,0.7,0,0,27,14.8,7.4,3.7,3.7,0,0,,0,
Kupwara,11881,9844,82.9,5778,5651,3923,48.6,80.6,14608,123,7501,132,21.6,1.7,137,3,134,2.2,3009,2153,71.6,,,,3009,41.7,3146,95.6,95.7,4.4,774,,25.7,25.7,,100,0,561,3136,409.5,99.7,3124,99.3,30,99,3105,99.4,49,1.6,3082,98.7,1042,0.1,0,1109,15.4,2523,35,622,8.6,0,0,2340,0,32.4,0,,0,0,475,2,0.4,0,100,100,0,0,1,155,156,0.6,99.4,0,0,0,0,,156,0,100,0,97.4,2.6,0,,100,100,,0,0,0,0,0,0,0,513,,27.1,4.6,76.7,366,139,8,30496,2793,100942,9,25,0,0,0,6316,2940,3277,2760,94.1,104.9,88.3,0,0,0,7236,7427,7388,7618,0,243.9,7622,-132.5,246.4,140.6,5,0,0,95.7,99.2,23,31,217,0,13,0,19,19,19,23,4856,1200,0,0,0,0,7098,11,53.5,26.4,28,0.1,41880,717183,47842,765025,7520,1587,4091,27.9,170,10.7,6.3,51978,6.8,1.5,0,11.5,0,0,0,0,36,2.8,13.9,19.4,0,0,0,,0,
Leh Ladakh,1855,1252,67.5,697,836,242,37.6,58.1,1407,75.8,5896,101,82.1,0.4,266,218,48,82,5998,3929,65.5,,,,5998,50.5,6264,95.8,99.2,4.2,1316,,21.9,21.9,,100,0,2348,3733,882.7,59.6,6164,98.4,111,98.2,5685,92.2,176,3.1,5504,89.3,966,2.6,90.7,5089,42.8,1529,12.9,799,6.7,23,0.2,538,0,4.5,0,,5,4,363,3,0.8,100,0,100,0,0,0,234,234,0,100,0,0,0,0,,234,0,100,0,81.6,18.4,0,,100,100,,0,0,0,0,0,0,0,977,,16.6,2.7,80.7,794,162,21,26592,1522,89436,1384,0,0,0,0,5027,7041,8073,6208,114.2,131,100.7,0,0,0,12804,12989,12789,11492,0,186.4,10631,-42.4,189.5,119.6,10,0,0,94.7,91.4,0,0,0,0,0,0,0,0,0,0,619,316,0,0,0,0,11157,0,55.1,27.4,,0,55341,960857,68422,1029279,,3588,48699,6.9,480,13.4,6.6,31882,3.1,0.7,0,4.3,0,0,0,0,32,3.1,6.3,0,0,0,0,,0,
Poonch,9425,6014,63.8,5197,7125,1910,55.1,95.9,9114,96.7,422,3,75,5.4,28,12,16,42.9,1293,101,7.8,,,,1293,69.7,1321,97.9,98.8,2.1,314,,24.3,24.3,,100,0,35,1350,125,102.2,1319,99.8,16,98.8,1326,100.5,146,11,996,75.5,986,18.8,36.9,1260,67.9,238,12.8,126,6.8,0,0,790,0,42.6,0,,1,0,124,22,15.1,95.5,4.5,100,0,1.2,2,58,60,3.3,96.7,0,0,0,0,,60,0,100,0,55.2,44.8,0,,100,100,,0,0,0,0,0,0,0,361,,4.2,1.2,85.7,345,15,1,876,16,6821,6,25,1,2,0,793,1269,1295,1245,96.2,98.2,94.4,0,0,0,1261,1305,1312,1355,0,102.7,1355,-4.6,103.3,46.8,0,0,0,89.3,91.8,95,79,43,0,0,0,0,0,18,95,1657,314,0,0,0,0,1358,0,54.2,21.6,33.9,0.4,14162,296894,17171,314065,4003.4,1145,6219,15.5,18,1.6,5.5,17171,5.5,1.3,0,26.7,0,0,1.8,0,13,23.1,15.4,0,0,7.7,0,,0,
Pulwama,6641,6119,92.1,5313,4961,870,80,87.8,5590,84.2,15588,128,38.3,1.5,811,186,625,22.9,6513,4834,74.2,,,,6513,69.1,7324,88.9,91.5,11.1,1416,,21.7,21.7,,100,0,5473,4912,674.8,67.1,7137,97.4,212,97.1,6398,89.6,920,14.4,5943,83.3,916,3.8,3.9,2154,22.9,2574,27.3,366,3.9,0,0,159,0,1.7,0,,6,0,275,376,57.8,94.4,5.6,100,0,4,1,296,297,0.3,99.7,0,0,0,0,,297,0,100,32.8,58.1,6.8,2.4,100,100,100,100,0,0,0,0,10,0,11,1289,,22.6,4.5,81.3,985,291,13,11480,1834,69428,126,44,0,2,2,5144,6295,7789,6112,88.2,109.1,85.6,6,12,25,8307,8200,8161,7392,0,103.6,7567,5.1,108.2,113.1,36,0,0,96.8,96.1,107,17,110,27,7,0,0,0,2,107,4673,1623,0,0,0,0,6723,2,66.1,38.2,47.8,0.4,42230,644644,61647,706291,6229.8,2857,8843,24.4,204,7.1,8.7,17545,2.5,2.1,0,3.8,0,0,0.2,0,94,3.2,16,0,0,1.1,0,,0,
Rajouri,10375,7243,69.8,6387,7024,2460,61.6,91.4,13599,131.1,3891,85,73.9,2.3,76,0,76,0,2758,1161,42.1,544,10,1.8,3302,49.7,3378,97.8,97.8,2.2,1452,534,60.1,52.6,98.2,83.5,16.5,55,105,72.4,3.1,3361,99.5,32,99.1,3339,99.3,51,1.5,3269,97.3,1011,1.2,84.6,84,1.3,441,6.6,1273,19.2,14,0.2,1834,0,27.6,0,,1,,557,0,0,,,,,0,4,208,212,1.9,98.1,0,0,0,0,,212,0,100,0,53.8,44.2,1.9,,100,100,100,0,0,0,0,0,0,0,227,,19.8,1.6,51.7,182,45,0,12733,1640,81949,13,0,0,0,0,5854,3620,3751,3157,107.7,111.6,93.9,0,0,0,7025,6943,6852,6712,0,199.7,6711,-78.9,198.6,73.6,1,0,0,94.8,99.5,6,1,2,0,0,0,1,1,12,6,2030,591,0,0,0,0,6289,0,61,12,,0,34452,1243899,89500,1333399,,3587,10702,25.1,1314,36.6,6.7,54415,4.1,3.2,0,22.6,0,0,0.5,0,25,8,16,0,0,0,0,,0,
Ramban,5030,3582,71.2,2992,2868,1614,59.5,89.1,4478,89,6361,45,86.5,15.6,846,14,832,1.7,7335,3554,48.5,425,32,7.5,7760,74.8,8606,90.2,90.3,9.8,1063,306,17.6,14.5,72,94.5,5.5,2649,2638,313.1,30.7,8510,98.9,78,99.1,8451,99.3,675,8,7529,88.5,949,3.1,60.7,7180,69.2,5208,50.2,29,0.3,29,0.3,866,0,8.3,0,,4,0,113,676,87.2,99.9,0.1,87.6,12.4,6.5,6,239,245,2.4,97.6,0,0,0,0,10,235,4.1,95.9,99.2,0,0.4,0.4,95.8,,100,100,0,0,0,0,0,0,0,2062,8,15.8,4.4,89.4,1736,326,8,27606,546,162421,218,11,0,0,0,1558,7417,10643,7349,87.2,125.1,86.4,0,0,0,10077,9579,9592,9714,0,114.1,9741,8.7,84.9,77.5,0,0,0,96.4,93,29,0,0,0,0,0,0,0,0,29,2317,121,0,0,0,0,8297,0,53.1,31.4,45.9,0.1,63823,918046,81861,999907,2494.6,3993,67497,5.6,746,18.7,8.2,16078,1.6,10.9,0,11.3,0,0,0.5,0,38,2.6,0,0,0,0,0,,0,
Reasi,5568,3851,69.2,3792,3438,1204,68.1,83.4,5414,97.2,4748,195,79.6,1.1,831,70,761,8.4,3087,2169,70.3,,,,3087,61.4,3918,78.8,80.6,21.2,57,,1.8,1.8,,100,0,925,813,111.3,20.8,3860,98.5,32,99.2,3564,92.3,159,4.5,3633,94.1,913,0.1,75,3988,79.3,1241,24.7,1501,29.8,1,0,2133,0,42.4,0,,2,,203,58,22.2,100,0,100,0,1.2,,114,114,0,100,0,0,0,0,,114,0,100,100,0,0,0,100,,,,,,,,,0,0,636,,21.2,4.4,84.8,497,135,4,9379,1689,69155,186,,,,4,1176,3191,4125,2966,82.7,106.9,76.8,0,0,0,5325,4999,4680,4037,0,104.6,3975,2.1,86.9,44.8,,0,0,76.9,93.5,418,,,,,,0,0,21,418,642,151,0,,,,2938,,61.3,22.8,33.3,0,15867,343262,22684,365946,8900,448,6578,6.4,3,0.7,6.2,8812,2.4,5.6,0,34.4,0,0,0,0,2,0,0,0,0,0,0,,0,
Samba,3445,1855,53.8,2918,2376,522,84.7,84.1,2690,78.1,4863,123,64.4,1.2,1036,105,931,10.1,3112,2605,83.7,,,,3112,55.9,4148,75,77.6,25,55,,1.8,1.8,,100,0,1526,2731,147.3,65.8,4142,99.9,46,98.9,3805,91.9,137,3.6,3758,90.7,916,3.3,6.6,3386,60.8,2785,50,306,5.5,0,0,762,0,13.7,0,,0,,139,107,43.5,100,0,100,0,1.9,4,84,88,4.5,95.5,0,0,0,0,,88,0,100,96.4,0,3.6,0,100,,100,,0,0,0,0,0,0,0,874,,13.4,3.8,90.9,757,117,0,23245,6093,162759,175,5,0,0,0,4560,3739,3885,3085,90.3,93.8,74.5,0,0,0,5368,5358,5238,4408,0,106.4,4677,-13.5,73,75.4,82,0,0,97.1,98.5,83,39,34,0,0,0,0,0,0,83,3989,427,0,0,0,0,3687,0,53.4,30.2,0,0,21426,557103,30310,587413,1300,64,8029,0.8,60,93.8,5.2,10328,1.8,1.5,0,6.8,0,0,0,0,4,0,0,0,0,0,0,,0,
Shopian,3336,2761,82.8,2423,2756,282,72.6,91.1,2536,76,3960,59,101.7,2,88,0,88,0,1318,411,31.2,,,,1318,38.3,1406,93.7,93.7,6.3,269,,20.4,20.4,,100,0,188,1738,213.6,123.6,1402,99.7,5,99.6,1394,99.4,23,1.6,1399,99.8,850,9.2,3.8,768,22.3,1633,47.4,520,15.1,0,0,1873,0,54.4,0,,2,0,71,269,79.1,98.5,1.5,100,0,7.8,5,155,160,3.1,96.9,0,0,0,0,,160,0,100,99.4,0.6,0,0,100,100,,,0,0,0,0,0,0,0,809,,65.3,40.1,83.5,242,528,39,5794,2266,86477,40,0,0,0,0,2923,1690,1772,1487,120.5,126.4,106.1,0,0,0,3654,3536,3463,4199,0,299.5,4199,-137,294.1,77.8,0,0,0,95.4,91.2,26,7,5,0,0,0,0,0,0,26,1334,370,0,0,0,0,3673,0,62.9,19.5,0,0,12816,548722,32817,581539,800,1141,17230,6.2,22,1.9,5.6,20161,3.5,1.5,0.1,19.2,0.2,0.2,0,0,40,2.5,2.5,0,0,0,0,,0,
Srinagar,84473,43932,52,55825,12047,2579,66.1,17.3,9826,11.6,2435,79,33.8,0.7,65,2,63,3.1,818,610,74.6,,,,818,24.5,883,92.6,92.9,7.4,212,,25.9,25.9,,100,0,348,1710,535.4,193.7,861,97.5,21,97.6,849,98.6,19,2.2,856,99.4,1016,9.4,6,522,15.6,477,14.3,59,1.8,2,0.1,1481,0,44.4,0,,2,0,88,0,0,,,,,0,0,21,21,0,100,0,0,0,0,,21,0,100,0,76.2,23.8,0,,100,100,,0,0,0,0,0,0,0,175,,0,0,89.3,175,0,0,5730,317,30971,415,0,0,0,0,1423,1681,1806,1611,195.2,209.8,187.1,0,0,0,3258,3263,3346,3027,0,351.6,3029,-67.6,357.7,95.8,3,0,0,92.9,92.2,4,11,0,0,0,0,5,5,4,4,1827,282,0,0,0,0,2613,4,57,23.7,,0,11255,297562,29861,327423,,1015,6812,13,13,1.3,9.1,19709,6,3.4,0,39.8,0,0,,,15,0,0,0,6.7,0,0,,0,
Udhampur,12074,6190,51.3,4369,5026,1974,36.2,58,7276,60.3,38212,7814,83.5,2.1,9,0,9,0,24114,8083,33.5,5036,132,2.6,29150,34.5,29159,100,100,0,15613,4918,70.4,64.7,97.7,82.7,17.3,2,22776,22.2,78.1,28853,99,877,97.1,28675,99.4,1551,5.4,26842,93,975,0.1,9305.9,3054,3.6,454,0.5,1445,1.7,120,0.1,8926,2,10.6,0,,13,0,639,1,8.2,0,100,1.8,98.2,0,3,1813,1816,0.2,99.8,0,0,0,0,154,1662,8.5,91.5,0,5.1,94.9,0,,39.1,94.3,,0,0,0,0,0,0,0,724,148,14.9,0.4,32.4,753,108,11,14349,2429,145202,0,8,0,0,0,8497,25908,26565,25026,89.8,92.1,86.7,0,0,0,12181,12330,12488,12653,0,43.9,12382,52.4,39,145.2,0,0,0,98.6,56.3,69,39,87,0,0,0,2,2,33,69,594,45,0,0,0,0,12759,0,78.7,24.9,40.6,0.6,72989,2902375,83887,2986262,7630.2,39067,28173,58.1,2871,7.3,2.8,66545,2.2,5.6,0,6.5,0,0,0,0,439,23,17.1,0,0,0,0,7723,0,0
